run_id	system.params.theta
run_00001	0.0175
run_00002	0.019375000000000003
run_00003	0.021250000000000005
run_00004	0.023125000000000003
run_00005	0.025000000000000005
run_00006	0.025000000000000005
run_00007	0.026388888888888892
run_00008	0.027777777777777783
run_00009	0.02916666666666667
run_00010	0.03055555555555556
run_00011	0.03194444444444445
run_00012	0.03333333333333334
run_00013	0.034722222222222224
run_00014	0.036111111111111115
run_00015	0.037500000000000006
