run_id	system.params.theta
run_00001	0.014000000000000002
run_00002	0.015500000000000003
run_00003	0.017
run_00004	0.018500000000000003
run_00005	0.020000000000000004
run_00006	0.020000000000000004
run_00007	0.021111111111111115
run_00008	0.022222222222222227
run_00009	0.023333333333333338
run_00010	0.02444444444444445
run_00011	0.02555555555555556
run_00012	0.026666666666666672
run_00013	0.027777777777777783
run_00014	0.028888888888888895
run_00015	0.030000000000000006
